256,2019-08-03,"Whole New World: iron mine, peace, curse, worldgen","T"
255,2019-07-31,"peace treaty, special biomes",
254,2019-07-30,"topographic map",
254,2019-07-29,"translatable curses",
254,2019-07-27,"Grand Arc","T"
252,2019-07-25,"rift",
249,2019-07-18,"New Brothers, end of oil","T"
247,2019-07-05,"More Fixes",
245,2019-06-28,"Genetic Fitness","T"
243,2019-06-21,"Murder Mouth, 20 min lives","T"
242,2019-06-19,"Polling",
240,2019-06-14,"Lots of Fixes",
238,2019-06-07,"Precious Life","T"
237,2019-05-29,"Clutter Be Gone, No Eve /die, 8hr decay","T"
,2019-05-28,"No Eve /die, 8hr decay",
231,2019-05-23,"Last Dance, intent to kill/building heat",
230,2019-05-18,"Language Learning, liberal kill",
228,2019-05-17,"Eve by Living Players","T"
227,2019-05-16,"Eve Packing, Language Learning",
226,2019-05-13,"Water Nerf",
224,2019-05-10,"Come Together (with swords)","T"
221,2019-05-04,"Pump Overhaul","T"
218,2019-04-27,"Frozen Moments, curse limits",
217,2019-04-19,"Good Fences Good Neighbors",
214,2019-04-05,"High Society",
213,2019-03-29,"Sweet and Spicy",
211,2019-03-15,"More Emotions, smaller area ban","T"
206,2019-02-28,"Fixes Galore, area ban","T"
202,2019-02-22,"Turbo Map Load",
200,2019-02-15,"Temperature Overhaul","T"
198,2019-02-09,"Client Lag Fix",
195,2019-02-01,"The Miracle of Flight",
,2019-01-25,"Big Server","T"
193,2019-01-17,"Romeo Charlie",
191,2019-01-11,"Radio Telegraphy",
187,2019-01-03,"Population Stabilization","T"
185,2018-12-27,"Apocalypse 2.0, spawn changes","T"
182,2018-12-20,"Yuletide Together",
181,2018-12-13,"Internal Combustion",
179,2018-12-07,"Black Gold",
175,2018-11-30,"Newcomen Atmospheric Engine","T"
171,2018-11-22,"Turkey Hunt",
170,2018-11-19,"Jungle Flora",
,2018-11-08,"Steam","T"
162,2018-11-03,"Games of Chance",
159,2018-10-30,"/die","T"
158,2018-10-26,"Plaster and Paint",
156,2018-10-20,"Reconnection, Death Grip","T"
149,2018-10-05,"Temperature System Fixed",
146,2018-09-28,"Emotion",
143,2018-09-20,"Tree Farm",
141,2018-09-14,"Dogs and Donkeys","T"
135,2018-09-08,"Friends and Strangers",
132,2018-08-22,"Written Word","T"
131,2018-08-18,"Roads and Rails",
129,2018-08-13,"Twins","T"
127,2018-08-11,"Bison and Butter","T"
120,2018-07-06,"Curses","T"
117,2018-06-29,"Tutorial",
113,2018-06-21,"Emergency Medicine",
111,2018-06-15,"Good Eating","T"
108,2018-06-09,"Big Farm",
103,2018-05-31,"Small Farm",
101,2018-05-25,"Families and Funerals",
,2018-05-18,"What Grave is This?",
95,2018-05-11,"Family Tree Browser / Lineage Ban","T"
91,2018-05-03,"A Message for the Future",
86,2018-04-28,"Fixing a Bunch of Things",
79,2018-04-21,"Riches to Rags","T"
75,2018-04-13,"The Monument",
73,2018-04-05,"The Apocalypse","T"
71,2018-03-31,"A Horse with No Name",
,2018-03-29,"Name That Baby",
67,2018-03-16,"Murder stagger","T"
62,2018-03-08,"Arctic, Wells",
